Benchmark Name,Total Time (ms)_loop-based_loop-based,Total Time (ms)_loop-based_loop-free,Total Time (ms)_loop-free_loop-based,Total Time (ms)_loop-free_loop-free,Result_loop-based_loop-based,Result_loop-based_loop-free,Result_loop-free_loop-based,Result_loop-free_loop-free,Solver Time (ms)_loop-based_loop-based,Solver Time (ms)_loop-based_loop-free,Solver Time (ms)_loop-free_loop-based,Solver Time (ms)_loop-free_loop-free
Addsub_double_exact,1076.27,1277.76,1208.09,1078.65,SAFE,SAFE,SAFE,SAFE,42900.0,57900.0,20400.0,39200.0
Addsub_float_exact,1214.13,1189.54,1146.1,1309.75,SAFE,SAFE,SAFE,SAFE,35900.0,52500.0,35200.0,39500.0
Addsub_float_inexact,1411.28,1539.23,1357.06,1286.08,SAFE,SAFE,SAFE,SAFE,22400.0,47600.0,41800.0,44700.0
Arctan_Pade,1114.3,1246.46,1076.01,1133.88,UNKNOWN,UNKNOWN,UNKNOWN,UNKNOWN,,,,
Bassel,1605.09,1502.81,1432.34,1395.6,SAFE,SAFE,SAFE,SAFE,610.8,540.7,563.0,520.0
Conflict,755.37,738.88,789.78,926.74,UNKNOWN,UNKNOWN,UNKNOWN,UNKNOWN,,,,
Cos_polynomial,120000.0,120000.0,120000.0,120000.0,TIMEOUT,TIMEOUT,TIMEOUT,TIMEOUT,,,,
Double_div,8252.88,9200.61,7204.53,7246.75,SAFE,SAFE,SAFE,SAFE,6902.0,7450.0,5546.0,5563.0
Double_div.i.p+cfa-reducer,1694.54,1817.18,2133.98,1769.5,SAFE,SAFE,SAFE,SAFE,72700.0,74000.0,49800.0,36300.0
Double_div_bad,44860.19,44631.13,15439.75,15355.74,SAFE,SAFE,SAFE,SAFE,42810.0,42960.0,13660.0,13690.0
Double_div_bad.i.p+cfa-reducer,1766.33,2201.56,1811.23,1980.78,SAFE,SAFE,SAFE,SAFE,28100.0,78600.0,58500.0,40100.0
Drift_tenth,95918.41,8547.97,120000.0,2962.16,SAFE,SAFE,TIMEOUT,SAFE,1.567 min,6946.0,,1659.0
Filter1,54518.46,90386.28,120000.0,120000.0,UNSAFE,UNSAFE,TIMEOUT,TIMEOUT,52650.0,1.472 min,,
Filter2_reinit,120000.0,120000.0,120000.0,120000.0,TIMEOUT,TIMEOUT,TIMEOUT,TIMEOUT,,,,
Float1,1719.2,1858.34,1545.34,1796.31,UNKNOWN,UNKNOWN,UNKNOWN,UNKNOWN,,,,
Float11,2088.11,2040.56,2253.72,2113.72,SAFE,SAFE,SAFE,SAFE,35200.0,64200.0,42300.0,29700.0
Float12,1821.28,1536.18,1594.99,1651.8,UNKNOWN,UNKNOWN,UNKNOWN,UNKNOWN,,,,
Float13,3836.35,3050.55,3528.75,3347.18,UNSAFE,UNSAFE,UNSAFE,UNSAFE,1598.0,1272.0,1525.0,1537.0
Float14,4424.23,3603.64,3334.94,3593.7,UNSAFE,UNSAFE,UNSAFE,UNSAFE,1977.0,1524.0,1482.0,1621.0
Float19,2012.27,2149.87,2311.13,2070.63,UNSAFE,UNSAFE,UNSAFE,UNSAFE,46.81,46.9,45.96,56.92
Float2,2073.13,2241.46,2156.62,2229.73,SAFE,SAFE,SAFE,SAFE,48200.0,80500.0,41000.0,40900.0
Float20,2332.92,2418.89,2375.0,2485.8,UNSAFE,UNSAFE,UNSAFE,UNSAFE,294.9,305.4,364.0,300.3
Float3,2926.16,3886.44,5799.71,4058.05,UNSAFE,UNSAFE,UNSAFE,UNSAFE,1021.0,1895.0,4197.0,2463.0
Float4,6977.12,8417.1,7300.82,6760.56,UNKNOWN,UNKNOWN,UNKNOWN,UNKNOWN,,,,
Float5,2106.3,2441.76,2466.03,2573.54,UNSAFE,UNSAFE,UNSAFE,UNSAFE,775.0,714.0,859.4,837.0
Float6,53821.61,52910.64,50518.39,47879.97,SAFE,SAFE,SAFE,SAFE,51440.0,50270.0,47820.0,45870.0
Float8,1798.59,2867.18,2772.51,2352.05,SAFE,SAFE,SAFE,SAFE,59.91,54.4,62.0,52.02
FloatMinusnoMinussimp1,1794.35,1883.17,2078.17,1786.71,UNKNOWN,UNKNOWN,UNKNOWN,UNKNOWN,,,,
FloatMinusnoMinussimp2,2994.76,2613.62,2727.6,2740.87,UNKNOWN,UNKNOWN,UNKNOWN,UNKNOWN,,,,
FloatMinusnoMinussimp3,1852.36,1599.78,2128.69,1680.88,UNKNOWN,UNKNOWN,UNKNOWN,UNKNOWN,,,,
FloatMinusnoMinussimp4,7101.91,6333.79,6445.69,6364.4,UNSAFE,UNSAFE,UNSAFE,UNSAFE,4526.0,4400.0,4502.0,4523.0
FloatMinusnoMinussimp7,1442.46,2501.05,2308.15,2271.09,SAFE,SAFE,SAFE,SAFE,26700.0,77900.0,32300.0,56100.0
FloatMinusnoMinussimp8,2338.07,2301.33,2000.41,2311.67,SAFE,SAFE,SAFE,SAFE,81600.0,66500.0,56300.0,84700.0
Float_div,2527.88,2702.34,2953.25,2884.45,SAFE,SAFE,SAFE,SAFE,521.2,552.1,835.5,894.0
Float_div_bad,7713.78,8006.53,3174.71,3560.17,SAFE,SAFE,SAFE,SAFE,5708.0,5832.0,1598.0,1526.0
Float_double,1436.16,1617.04,1626.6,1760.08,UNKNOWN,UNKNOWN,UNKNOWN,UNKNOWN,,,,
Float_int_inv_square,1930.74,1841.23,2333.05,2178.07,UNKNOWN,UNKNOWN,UNKNOWN,UNKNOWN,,,,
Inv_squareMinus1,7029.59,6183.49,3111.34,3912.84,SAFE,SAFE,SAFE,SAFE,4994.0,4765.0,1670.0,2030.0
Inv_squareMinus2,6195.89,5968.91,3149.1,3398.1,SAFE,SAFE,SAFE,SAFE,4551.0,4497.0,1628.0,1546.0
Inv_square_int,1858.93,1945.81,1851.56,1645.73,UNKNOWN,UNKNOWN,UNKNOWN,UNKNOWN,,,,
Loop1,1604.42,1754.89,1716.63,1865.1,UNKNOWN,UNKNOWN,UNKNOWN,UNKNOWN,,,,
Loop1Minus1,2125.99,1791.92,1855.76,2117.68,UNKNOWN,UNKNOWN,UNKNOWN,UNKNOWN,,,,
Loop1Minus2,1926.01,2079.4,1746.65,1782.9,UNKNOWN,UNKNOWN,UNKNOWN,UNKNOWN,,,,
Loop2Minus1,1982.27,1842.17,1811.05,2300.05,UNKNOWN,UNKNOWN,UNKNOWN,UNKNOWN,,,,
Loop3,1829.33,1950.86,1799.28,1913.52,UNKNOWN,UNKNOWN,UNKNOWN,UNKNOWN,,,,
Muller_Kahan,120000.0,120000.0,120000.0,120000.0,TIMEOUT,TIMEOUT,TIMEOUT,TIMEOUT,,,,
Nan_double,1274.87,1487.14,1708.65,2386.19,UNSAFE,UNSAFE,UNSAFE,UNSAFE,11.18,9.716,14.0,12.99
Nan_float,2240.0,2377.07,2131.43,2253.86,UNSAFE,UNSAFE,UNSAFE,UNSAFE,13.78,13.61,17.36,16.2
Newton_1_1,120000.0,120000.0,120000.0,120000.0,TIMEOUT,TIMEOUT,TIMEOUT,TIMEOUT,,,,
Newton_1_2,120000.0,120000.0,120000.0,120000.0,TIMEOUT,TIMEOUT,TIMEOUT,TIMEOUT,,,,
Newton_1_3,120000.0,120000.0,120000.0,120000.0,TIMEOUT,TIMEOUT,TIMEOUT,TIMEOUT,,,,
Newton_1_4,120000.0,120000.0,120000.0,120000.0,TIMEOUT,TIMEOUT,TIMEOUT,TIMEOUT,,,,
Newton_1_5,120000.0,120000.0,120000.0,120000.0,TIMEOUT,TIMEOUT,TIMEOUT,TIMEOUT,,,,
Newton_1_6,120000.0,120000.0,120000.0,120000.0,TIMEOUT,TIMEOUT,TIMEOUT,TIMEOUT,,,,
Newton_1_7,1563.94,1902.98,1913.62,1962.42,UNKNOWN,UNKNOWN,UNKNOWN,UNKNOWN,,,,
Newton_1_8,120000.0,120000.0,120000.0,120000.0,TIMEOUT,TIMEOUT,TIMEOUT,TIMEOUT,,,,
Newton_2_1,120000.0,120000.0,120000.0,120000.0,TIMEOUT,TIMEOUT,TIMEOUT,TIMEOUT,,,,
Newton_2_2,120000.0,120000.0,120000.0,120000.0,TIMEOUT,TIMEOUT,TIMEOUT,TIMEOUT,,,,
Newton_2_3,120000.0,120000.0,120000.0,120000.0,TIMEOUT,TIMEOUT,TIMEOUT,TIMEOUT,,,,
Newton_3_1,120000.0,120000.0,120000.0,120000.0,TIMEOUT,TIMEOUT,TIMEOUT,TIMEOUT,,,,
Newton_3_2,120000.0,120000.0,120000.0,120000.0,TIMEOUT,TIMEOUT,TIMEOUT,TIMEOUT,,,,
Newton_3_3,120000.0,120000.0,120000.0,120000.0,TIMEOUT,TIMEOUT,TIMEOUT,TIMEOUT,,,,
Newton_3_4,120000.0,120000.0,120000.0,120000.0,TIMEOUT,TIMEOUT,TIMEOUT,TIMEOUT,,,,
Newton_3_5,120000.0,120000.0,120000.0,120000.0,TIMEOUT,TIMEOUT,TIMEOUT,TIMEOUT,,,,
Newton_3_6,120000.0,120000.0,120000.0,120000.0,TIMEOUT,TIMEOUT,TIMEOUT,TIMEOUT,,,,
Newton_3_7,120000.0,120000.0,120000.0,120000.0,TIMEOUT,TIMEOUT,TIMEOUT,TIMEOUT,,,,
Newton_3_8,120000.0,120000.0,120000.0,120000.0,TIMEOUT,TIMEOUT,TIMEOUT,TIMEOUT,,,,
PartitionEx,120000.0,120000.0,120000.0,120000.0,TIMEOUT,TIMEOUT,TIMEOUT,TIMEOUT,,,,
Rump_double,1087.65,1292.13,1222.83,1421.8,SAFE,SAFE,SAFE,SAFE,30000.0,21000.0,19100.0,49500.0
Rump_float,1350.99,1259.47,1348.1,1359.11,SAFE,SAFE,SAFE,SAFE,58200.0,23900.0,54200.0,28100.0
Sine_1,120000.0,120000.0,120000.0,120000.0,TIMEOUT,TIMEOUT,TIMEOUT,TIMEOUT,,,,
Sine_2,120000.0,120000.0,120000.0,120000.0,TIMEOUT,TIMEOUT,TIMEOUT,TIMEOUT,,,,
Sine_3,120000.0,120000.0,120000.0,120000.0,TIMEOUT,TIMEOUT,TIMEOUT,TIMEOUT,,,,
Sine_4,120000.0,120000.0,120000.0,120000.0,TIMEOUT,TIMEOUT,TIMEOUT,TIMEOUT,,,,
Sine_5,120000.0,120000.0,120000.0,120000.0,TIMEOUT,TIMEOUT,TIMEOUT,TIMEOUT,,,,
Sine_6,120000.0,120000.0,53145.64,120000.0,TIMEOUT,TIMEOUT,UNKNOWN,TIMEOUT,,,,
Sine_7,120000.0,120000.0,120000.0,120000.0,TIMEOUT,TIMEOUT,TIMEOUT,TIMEOUT,,,,
Sine_8,120000.0,120000.0,120000.0,120000.0,TIMEOUT,TIMEOUT,TIMEOUT,TIMEOUT,,,,
Sqrt_Householder_pseudoconstant,1481.69,1323.61,1400.31,1305.51,UNKNOWN,UNKNOWN,UNKNOWN,UNKNOWN,,,,
Square_1,23259.34,31022.38,120000.0,120000.0,UNKNOWN,UNKNOWN,TIMEOUT,TIMEOUT,,,,
Square_2,19455.49,31994.71,120000.0,120000.0,UNKNOWN,UNKNOWN,TIMEOUT,TIMEOUT,,,,
Square_3,19182.4,43476.77,120000.0,120000.0,UNKNOWN,UNKNOWN,TIMEOUT,TIMEOUT,,,,
Square_4,21173.98,30725.9,120000.0,120000.0,UNKNOWN,UNKNOWN,TIMEOUT,TIMEOUT,,,,
Square_5,20820.24,30365.72,120000.0,120000.0,UNKNOWN,UNKNOWN,TIMEOUT,TIMEOUT,,,,
Square_6,120000.0,43139.61,120000.0,120000.0,TIMEOUT,UNKNOWN,TIMEOUT,TIMEOUT,,,,
Square_7,23659.72,32603.25,120000.0,120000.0,UNKNOWN,UNKNOWN,TIMEOUT,TIMEOUT,,,,
Square_8,22801.39,31654.59,120000.0,120000.0,UNKNOWN,UNKNOWN,TIMEOUT,TIMEOUT,,,,
Water_pid,120000.0,120000.0,120000.0,120000.0,TIMEOUT,TIMEOUT,TIMEOUT,TIMEOUT,,,,
Zonotope_2,120000.0,120000.0,20789.23,30007.77,TIMEOUT,TIMEOUT,UNKNOWN,UNKNOWN,,,,
Zonotope_3,999.62,1143.75,1148.75,997.87,UNKNOWN,UNKNOWN,UNKNOWN,UNKNOWN,,,,
Zonotope_loose,78736.51,95191.65,86666.96,62791.45,UNSAFE,UNSAFE,UNSAFE,UNSAFE,1.268 min,1.534 min,1.386 min,1.005 min
Zonotope_tight,110582.17,90612.55,89314.8,58809.56,UNSAFE,UNSAFE,UNSAFE,UNSAFE,1.789 min,1.438 min,1.441 min,56370.0
divmul_diverge,120000.0,120000.0,120000.0,120000.0,TIMEOUT,TIMEOUT,TIMEOUT,TIMEOUT,,,,
drift_tenth.c.p+cfa-reducer,120000.0,8539.66,120000.0,3083.36,TIMEOUT,SAFE,TIMEOUT,SAFE,,7253.0,,1690.0
exp_loop,1942.86,2019.67,2202.77,2040.74,UNKNOWN,UNKNOWN,UNKNOWN,UNKNOWN,,,,
filter2_alt,1477.71,1898.87,1883.75,2365.57,SAFE,SAFE,SAFE,SAFE,36.7,35.09,45.33,46.67
filter2_iterated,2901.72,3040.23,2665.46,3097.17,UNKNOWN,UNKNOWN,UNKNOWN,UNKNOWN,,,,
filter_iir,93580.05,120000.0,82816.38,120000.0,UNKNOWN,TIMEOUT,UNKNOWN,TIMEOUT,,,,
float-to-double1,1502.55,1814.56,1656.63,1570.77,UNKNOWN,UNKNOWN,UNKNOWN,UNKNOWN,,,,
float-to-double2,1455.3,1483.12,1379.48,1720.01,UNKNOWN,UNKNOWN,UNKNOWN,UNKNOWN,,,,
float-zero-sum1,1638.43,1771.26,1875.93,1741.35,UNKNOWN,UNKNOWN,UNKNOWN,UNKNOWN,,,,
float_req_bl_1381,1922.1,1719.69,1750.64,1863.86,UNKNOWN,UNKNOWN,UNKNOWN,UNKNOWN,,,,
interpolation,2186.56,2265.8,2272.5,2303.6,UNKNOWN,UNKNOWN,UNKNOWN,UNKNOWN,,,,
inv_Newton-2,2124.56,2095.54,2368.04,2194.39,UNKNOWN,UNKNOWN,UNKNOWN,UNKNOWN,,,,
inv_sqrt_Quake,8328.06,8676.27,7351.71,6750.92,UNSAFE,UNSAFE,UNSAFE,UNSAFE,5633.0,7030.0,5660.0,4935.0
sin_interpolated_bigrange_loose,1961.99,3266.23,3193.47,3024.05,UNKNOWN,UNKNOWN,UNKNOWN,UNKNOWN,,,,
sqrt_biNewton_pseudoconstant,1366.22,1545.22,1330.26,1335.23,UNKNOWN,UNKNOWN,UNKNOWN,UNKNOWN,,,,
sqrt_poly,117879.45,120000.0,120000.0,120000.0,UNSAFE,TIMEOUT,TIMEOUT,TIMEOUT,1.93 min,,,
